{"cameraMode":{"drawMode":0,"name":"Shaded","section":"Shading Mode"},"sceneLighting":true,"audioPlay":false,"sceneViewState":{"showFog":true,"showMaterialUpdate":false,"showSkybox":true,"showFlares":true,"showImageEffects":true,"showParticleSystems":true},"in2DMode":false,"pivot":{"x":341.13946533203127,"y":40.40465545654297,"z":647.5640258789063},"rotation":{"x":0.003426027251407504,"y":-0.9963290095329285,"z":0.04817148670554161,"w":0.07128149271011353},"size":6.958579063415527,"orthographic":false}